article_name	article_index	year
dark-37087460	0	1905
dark-37087461	1	1905
dark-37087462	2	1905
dark-37085813	3	1905
dark-37085814	4	1905
dark-37085815	5	1905
dark-37079656	6	1905
dark-37079657	7	1905
dark-37089488	8	1905
dark-37089489	9	1905
dark-370894810	10	1905
dark-370755111	11	1905
dark-370899012	12	1905
dark-370899013	13	1905
dark-370899014	14	1905
dark-370899015	15	1905
dark-370754516	16	1905
dark-370754517	17	1905
dark-370797118	18	1905
dark-370797119	19	1905
dark-370797120	20	1905
dark-370797121	21	1905
dark-370797122	22	1905
dark-370797123	23	1905
dark-370797124	24	1905
dark-370797125	25	1905
dark-370797126	26	1905
dark-370797127	27	1905
dark-370797128	28	1905
dark-370797129	29	1905
dark-370899830	30	1905
dark-370899831	31	1905
dark-370899832	32	1905
dark-370899633	33	1905
dark-370899634	34	1905
dark-370899635	35	1905
dark-370757236	36	1905
dark-370757237	37	1905
dark-370757238	38	1905
dark-370757239	39	1905
dark-370757240	40	1905
dark-370786741	41	1905
dark-370786742	42	1905
dark-370760543	43	1905
dark-370760544	44	1905
dark-370760545	45	1905
dark-370760546	46	1905
dark-370760547	47	1905
dark-370760548	48	1905
dark-370760249	49	1905
dark-370760250	50	1905
dark-370760251	51	1905
dark-370760252	52	1905
dark-370760253	53	1905
dark-370760254	54	1905
dark-371888955	55	1905
dark-371888956	56	1905
dark-371888957	57	1905
dark-371888958	58	1905
dark-371888959	59	1905
dark-371888960	60	1905
dark-370571261	61	1905
dark-370571262	62	1905
dark-370571263	63	1905
dark-370755464	64	1905
dark-370755465	65	1905
dark-370755466	66	1905
dark-370755467	67	1905
dark-370755468	68	1905
dark-370755469	69	1905
dark-370755470	70	1905
dark-370755471	71	1905
dark-370898872	72	1905
dark-370898873	73	1905
dark-370759874	74	1905
dark-370759875	75	1905
dark-370759876	76	1905
dark-370759877	77	1905
dark-370759878	78	1905
dark-370759879	79	1905
dark-370872980	80	1905
dark-370872981	81	1905
dark-370872982	82	1905
dark-370872983	83	1905
dark-370872784	84	1905
dark-370872785	85	1905
dark-371891986	86	1905
dark-371891987	87	1905
dark-371891988	88	1905
dark-371891989	89	1905
dark-370857990	90	1905
dark-370857991	91	1905
dark-370857992	92	1905
dark-370857993	93	1905
dark-371891894	94	1905
dark-370898795	95	1905
dark-370898796	96	1905
dark-370898797	97	1905
dark-371892098	98	1905
dark-371892099	99	1905
dark-3708989100	100	1905
dark-3708989101	101	1905
dark-3708911102	102	1905
dark-3708911103	103	1905
dark-3708911104	104	1905
dark-3708911105	105	1905
dark-3708911106	106	1905
dark-3708744107	107	1905
dark-3708744108	108	1905
dark-3708744109	109	1905
dark-3708744110	110	1905
dark-3707928111	111	1905
dark-3707928112	112	1905
dark-3708703113	113	1905
dark-3708703114	114	1905
dark-3708703115	115	1905
dark-3708703116	116	1905
dark-3708995117	117	1905
dark-3708995118	118	1905
dark-3708995119	119	1905
dark-3708995120	120	1905
dark-3708961121	121	1905
dark-3708961122	122	1905
dark-3708961123	123	1905
dark-3708961124	124	1905
dark-3708961125	125	1905
dark-3708961126	126	1905
dark-3708961127	127	1905
dark-3708961128	128	1905
dark-3708961129	129	1905
dark-3708961130	130	1905
dark-3708961131	131	1905
dark-3708992132	132	1905
dark-3708992133	133	1905
dark-3708992134	134	1905
dark-3707549135	135	1905
dark-3707549136	136	1905
dark-3708487137	137	1905
dark-3708487138	138	1905
dark-3707865139	139	1905
dark-3707608140	140	1905
dark-3707608141	141	1905
dark-3707608142	142	1905
dark-3707608143	143	1905
dark-3707608144	144	1905
