article_name,article_index,year
dark-37087460,0,1905
dark-37087461,1,1905
dark-37087462,2,1905
dark-37085813,3,1905
dark-37085814,4,1905
dark-37085815,5,1905
dark-37079656,6,1905
dark-37079657,7,1905
dark-37089488,8,1905
dark-37089489,9,1905
dark-370894810,10,1905
dark-370899011,11,1905
dark-370899012,12,1905
dark-370899013,13,1905
dark-370899014,14,1905
dark-370797115,15,1905
dark-370797116,16,1905
dark-370797117,17,1905
dark-370797118,18,1905
dark-370797119,19,1905
dark-370797120,20,1905
dark-370797121,21,1905
dark-370797122,22,1905
dark-370797123,23,1905
dark-370797124,24,1905
dark-370797125,25,1905
dark-370797126,26,1905
dark-370899827,27,1905
dark-370899828,28,1905
dark-370899829,29,1905
dark-370899630,30,1905
dark-370899631,31,1905
dark-370899632,32,1905
dark-371888933,33,1905
dark-371888934,34,1905
dark-371888935,35,1905
dark-371888936,36,1905
dark-371888937,37,1905
dark-371888938,38,1905
dark-370571239,39,1905
dark-370571240,40,1905
dark-370571241,41,1905
dark-371891942,42,1905
dark-371891943,43,1905
dark-371891944,44,1905
dark-371891945,45,1905
dark-371891846,46,1905
dark-370898747,47,1905
dark-370898748,48,1905
dark-370898749,49,1905
dark-371892050,50,1905
dark-371892051,51,1905
dark-370874452,52,1905
dark-370874453,53,1905
dark-370874454,54,1905
dark-370874455,55,1905
dark-370870356,56,1905
dark-370870357,57,1905
dark-370870358,58,1905
dark-370870359,59,1905
dark-370899560,60,1905
dark-370899561,61,1905
dark-370899562,62,1905
dark-370899563,63,1905
dark-370848764,64,1905
dark-370848765,65,1905
